{
    "(0, 0)": {
        "Action.UP": 0.018435174122130863,
        "Action.RIGHT": 0.015173040456327181
    },
    "(0, 1)": {
        "Action.UP": 0.018475383975047364,
        "Action.DOWN": 0.015553931047131594,
        "Action.RIGHT": 0.016509015960330182
    },
    "(0, 2)": {
        "Action.UP": 0.016583988330343816,
        "Action.DOWN": 0.017218799499381005,
        "Action.RIGHT": 0.016609548991428746
    },
    "(0, 3)": {
        "Action.UP": 0.016554929133410015,
        "Action.DOWN": 0.016542239954129068,
        "Action.RIGHT": 0.016588456190658706
    },
    "(0, 4)": {
        "Action.UP": 0.01650158291707015,
        "Action.DOWN": 0.016659825034925985,
        "Action.RIGHT": 0.016492216217729568
    },
    "(0, 5)": {
        "Action.UP": 0.016257242604303716,
        "Action.DOWN": 0.019060186457275054,
        "Action.RIGHT": 0.01623169336053466
    },
    "(0, 6)": {
        "Action.UP": 0.01577487250672091,
        "Action.DOWN": 0.016337036071452062,
        "Action.RIGHT": 0.015771456067836108
    },
    "(0, 7)": {
        "Action.UP": 0.015972877082610693,
        "Action.DOWN": 0.016164161963729187,
        "Action.RIGHT": 0.20800942360836758
    },
    "(0, 8)": {
        "Action.UP": 0.01580071835671262,
        "Action.DOWN": 0.015919171325918198,
        "Action.RIGHT": 0.019589142025094455
    },
    "(0, 9)": {
        "Action.DOWN": 0.01788880310228182,
        "Action.RIGHT": 0.01574953972412151
    },
    "(1, 0)": {
        "Action.UP": 0.016441065820481476,
        "Action.LEFT": 0.015093759654153783,
        "Action.RIGHT": 0.015095095098853931
    },
    "(1, 1)": {
        "Action.UP": 0.016407895022421768,
        "Action.DOWN": 0.01638467622581491,
        "Action.LEFT": 0.01684561174649449,
        "Action.RIGHT": 0.016368969135152067
    },
    "(1, 2)": {
        "Action.UP": 0.016643008217991837,
        "Action.DOWN": 0.016571440046272628,
        "Action.LEFT": 0.016660629381707256,
        "Action.RIGHT": 0.016661207033131266
    },
    "(1, 3)": {
        "Action.UP": 0.01664234782173041,
        "Action.DOWN": 0.018084973215432648,
        "Action.LEFT": 0.016710358284246395,
        "Action.RIGHT": 0.016661649032779727
    },
    "(1, 4)": {
        "Action.UP": 0.01649012905793205,
        "Action.DOWN": 0.01650357208731329,
        "Action.LEFT": 0.0164440217209746,
        "Action.RIGHT": 0.016509740378068072
    },
    "(1, 5)": {
        "Action.UP": 0.01665359540344398,
        "Action.DOWN": 0.1185494411905909,
        "Action.LEFT": 0.016664291488767167,
        "Action.RIGHT": 0.01665401449782771
    },
    "(1, 6)": {
        "Action.UP": 0.019578104306201535,
        "Action.DOWN": 0.01658003929615117,
        "Action.LEFT": 0.01661216937109294,
        "Action.RIGHT": 0.016591486916007436
    },
    "(1, 7)": {
        "Action.UP": 0.01766702317146062,
        "Action.DOWN": 0.01651767970527638,
        "Action.LEFT": 0.01772964182122105,
        "Action.RIGHT": 0.037474383479542926
    },
    "(1, 8)": {
        "Action.UP": 0.01624275601157159,
        "Action.DOWN": 0.01764401489981551,
        "Action.LEFT": 0.016370883431011576,
        "Action.RIGHT": 0.016949465580974536
    },
    "(1, 9)": {
        "Action.DOWN": 0.017464458789008264,
        "Action.LEFT": 0.015209173242531451,
        "Action.RIGHT": 0.01621386586383648
    },
    "(2, 0)": {
        "Action.UP": 0.015122275595319366,
        "Action.LEFT": 0.016070333253325124,
        "Action.RIGHT": 0.0151318353304871
    },
    "(2, 1)": {
        "Action.UP": 0.015394026479337913,
        "Action.DOWN": 0.01536806689921363,
        "Action.LEFT": 0.016146839754010593,
        "Action.RIGHT": 0.015400309667073005
    },
    "(2, 2)": {
        "Action.UP": 0.016674087567612773,
        "Action.DOWN": 0.01686914741167322,
        "Action.LEFT": 0.016806996961522006,
        "Action.RIGHT": 0.01686928329364419
    },
    "(2, 3)": {
        "Action.UP": 0.01708139246831173,
        "Action.DOWN": 0.015682042760092548,
        "Action.LEFT": 0.015702275605888313,
        "Action.RIGHT": 0.0155080337659035
    },
    "(2, 4)": {
        "Action.UP": 0.016575428331738043,
        "Action.DOWN": 0.016636888489177423,
        "Action.LEFT": 0.016632888841888214,
        "Action.RIGHT": 0.016586065674517453
    },
    "(2, 5)": {
        "Action.UP": 0.01654053669834081,
        "Action.DOWN": 0.016664066532612997,
        "Action.LEFT": 0.01698784378415321,
        "Action.RIGHT": 0.016190284957511205
    },
    "(2, 6)": {
        "Action.UP": 0.016330054905652182,
        "Action.DOWN": 0.017164743288028833,
        "Action.LEFT": 0.016351334731687057,
        "Action.RIGHT": 0.016359718013828812
    },
    "(2, 7)": {
        "Action.UP": 0.01793402637757749,
        "Action.DOWN": 0.017717668257315446,
        "Action.LEFT": 0.03757313608251399,
        "Action.RIGHT": 0.01802331348356581
    },
    "(2, 8)": {
        "Action.UP": 0.01636188429197573,
        "Action.DOWN": 0.0215153945856061,
        "Action.LEFT": 0.01645068101556677,
        "Action.RIGHT": 0.016429963838519274
    },
    "(2, 9)": {
        "Action.DOWN": 0.015121913262711638,
        "Action.LEFT": 0.016063168000808037,
        "Action.RIGHT": 0.01604883121823148
    },
    "(3, 0)": {
        "Action.UP": 0.017232448672119878,
        "Action.LEFT": 0.015145456549459065,
        "Action.RIGHT": 0.015200832516092541
    },
    "(3, 1)": {
        "Action.UP": 0.017355911756396926,
        "Action.DOWN": 0.015210457298107112,
        "Action.LEFT": 0.015219520933379598,
        "Action.RIGHT": 0.0151474786910986
    },
    "(3, 2)": {
        "Action.UP": 0.016367061886553073,
        "Action.DOWN": 0.01640998980181027,
        "Action.LEFT": 0.0168374693426224,
        "Action.RIGHT": 0.01647965242271283
    },
    "(3, 3)": {
        "Action.UP": 0.01530314772870137,
        "Action.DOWN": 0.018763559512278035,
        "Action.LEFT": 0.015308283049993446,
        "Action.RIGHT": 0.015297963068163356
    },
    "(3, 4)": {
        "Action.UP": 0.016798117375085568,
        "Action.DOWN": 0.01687878627579003,
        "Action.LEFT": 0.01680761955196057,
        "Action.RIGHT": 0.01685765704629955
    },
    "(3, 5)": {
        "Action.UP": 0.015498313795554336,
        "Action.DOWN": 0.015473323005515387,
        "Action.LEFT": 0.01822010618421424,
        "Action.RIGHT": 0.01547205086223687
    },
    "(3, 6)": {
        "Action.UP": 0.016637211786769947,
        "Action.DOWN": 0.017461368913151896,
        "Action.LEFT": 0.017240434879437952,
        "Action.RIGHT": 0.017439585697120053
    },
    "(3, 7)": {
        "Action.UP": 0.017539719035166206,
        "Action.DOWN": 0.017860452934480756,
        "Action.LEFT": 0.02105127838047683,
        "Action.RIGHT": 0.017817976992988007
    },
    "(3, 8)": {
        "Action.UP": 0.016039568736469285,
        "Action.DOWN": 0.0162455555331197,
        "Action.LEFT": 0.019492335556877672,
        "Action.RIGHT": 0.0157657696661961
    },
    "(3, 9)": {
        "Action.DOWN": 0.016761868061999002,
        "Action.LEFT": 0.01550007609954574,
        "Action.RIGHT": 0.015487970494300835
    },
    "(4, 0)": {
        "Action.UP": 0.0173964702245627,
        "Action.LEFT": 0.015188104423768773,
        "Action.RIGHT": 0.017444390584765684
    },
    "(4, 1)": {
        "Action.UP": 0.016170608643002737,
        "Action.DOWN": 0.017171763699876753,
        "Action.LEFT": 0.017023026178242237,
        "Action.RIGHT": 0.017110088624636307
    },
    "(4, 2)": {
        "Action.UP": 0.015203444164116566,
        "Action.DOWN": 0.01522428604688724,
        "Action.LEFT": 0.0197852117001704,
        "Action.RIGHT": 0.015175039793384781
    },
    "(4, 3)": {
        "Action.UP": 0.01693246376228759,
        "Action.DOWN": 0.016290609484194456,
        "Action.LEFT": 0.016418259985965838,
        "Action.RIGHT": 0.01535261290018163
    },
    "(4, 4)": {
        "Action.UP": 0.01690928037123212,